source_id,title,url,source_type,license,bucket,commercial_use_allowed,notes,review_status
nhs_health_anxiety_001,NHS Health Anxiety,https://www.nhs.uk/mental-health/conditions/health-anxiety/,patient_guidance,unknown,B,false,"Use for user-facing symptoms, body checking, reassurance seeking, online searching, avoidance, and help-seeking framing; synthesize only",needs_review
cntw_health_anxiety_001,CNTW NHS Health Anxiety Self-Help Guide,https://selfhelp.cntw.nhs.uk/self-help-guides/health-anxiety,self_help_guide,unknown,B,false,"Use for health anxiety signs, maintaining factors, and management structure; synthesize only",needs_review
hpft_health_anxiety_001,HPFT IAPT Coping with Health Anxiety PDF,https://www.hpft-talkingtherapies.nhs.uk/sites/default/files/2020-12/Coping%20with%20Health%20Anxiety.pdf,self_help_pdf,unknown,B,false,Use for health anxiety CBT model and reducing reassurance/checking patterns; synthesize only,needs_review
nhs_panic_001,NHS Panic Disorder,https://www.nhs.uk/mental-health/conditions/panic-disorder/,patient_guidance,unknown,B,false,"Use for panic attack symptoms, panic vs panic disorder distinction, and help-seeking framing; synthesize only",needs_review
cntw_panic_001,CNTW NHS Panic Self-Help Guide,https://selfhelp.cntw.nhs.uk/self-help-guides/panic,self_help_guide,unknown,B,false,"Use for panic module structure, maintaining factors, and management approach; synthesize only",needs_review
oxford_panic_001,Oxford Health NHS Panic Attacks Leaflet,https://www.oxfordhealth.nhs.uk/wp-content/uploads/2020/03/OH-202.20-Panic-Attacks.pdf,patient_leaflet,unknown,B,false,"Use for in-attack coping (slow breathing 5-5, abdominal breathing, sensory grounding), course of a panic attack (10/30-45 min), and aftercare; synthesize only",needs_review
nhs_gad_001,NHS Generalised Anxiety Disorder (GAD),https://www.nhs.uk/mental-health/conditions/generalised-anxiety-disorder-gad/,patient_guidance,unknown,B,false,"Use for GAD definition, symptoms (excessive worry, physical tension, sleep problems), help-seeking framing; synthesize only",needs_review
cntw_anxiety_001,CNTW NHS Anxiety Self-Help Guide,https://selfhelp.cntw.nhs.uk/self-help-guides/anxiety,self_help_guide,unknown,B,false,"Use for general anxiety structure, maintaining factors, and management approach; synthesize only",needs_review
oxford_anxiety_001,Oxford Health NHS Understanding and Coping with Anxiety,https://www.oxfordhealth.nhs.uk/wp-content/uploads/sites/13/2020/05/Anxiety-booklet.pdf,self_help_pdf,unknown,B,false,"Use for GAD CBT model: worry types (practical vs hypothetical), worry postponement, problem solving, relaxation, behavioural experiments; synthesize only",needs_review
nhs_depression_001,NHS Depression in Adults,https://www.nhs.uk/mental-health/conditions/depression-in-adults/,patient_guidance,unknown,B,false,"Use for depression symptoms, severity stepped care, lifestyle advice, help-seeking framing; synthesize only",needs_review
cntw_depression_001,CNTW NHS Depression and Low Mood Self-Help Guide,https://selfhelp.cntw.nhs.uk/self-help-guides/depression-and-low-mood,self_help_guide,unknown,B,false,"Use for depression CBT model structure (behavioural activation, rumination handling, ABC, maintaining cycle); synthesize only",needs_review
oxford_depression_001,Oxford Health NHS Depression Patient Workbook,https://www.oxfordhealth.nhs.uk/wp-content/uploads/2020/03/OH-197.20-Depression.pdf,self_help_pdf,unknown,B,false,"Use for behavioural activation, activity scheduling, distraction, challenging negative thinking, relapse planning, suicide risk awareness; synthesize only",needs_review
nhs_self_esteem_001,NHS Raising Low Self-Esteem,https://www.nhs.uk/mental-health/self-help/tips-and-support/raise-low-self-esteem/,patient_guidance,unknown,B,false,"Use for self-esteem definition, childhood/critical-message origins, avoidance maintenance cycle, identify-and-challenge negative beliefs, positives list, kindness/assertiveness/saying-no/challenges; synthesize only",needs_review
nhsinform_self_esteem_001,NHS Inform Scotland Self-Esteem Self-Help Guide,https://www.nhsinform.scot/illnesses-and-conditions/mental-health/mental-health-self-help-guides/self-esteem-self-help-guide/,self_help_guide,unknown,B,false,Use as CBT-based structural reference: examining how you think about your life and challenging negative automatic thoughts; mild-to-moderate scope framing; synthesize only,needs_review
oxford_self_esteem_001,Oxford Health NHS Self-Esteem Patient Workbook (OH 198.20),https://www.oxfordhealth.nhs.uk/wp-content/uploads/2020/03/OH-198.20-Self-Esteem.pdf,self_help_pdf,unknown,B,false,"Use for self-esteem vs self-confidence, characteristics of low self-esteem, unhelpful thinking patterns (mental filter/judgements/assumptions/compare-and-despair/critical self/black-and-white/should-must), affirmations, SMART goal setting, three components (value/competency/control), setbacks framing; synthesize only",needs_review
nhs_chest_pain_001,NHS Chest Pain,https://www.nhs.uk/symptoms/chest-pain/,medical_guidance,unknown,B,false,Use for safety_chest_pain_breathing_001 — emergency escalation wording for sudden chest pain radiating to arm/neck/jaw/back or with breathlessness/sweating/nausea/dizziness; synthesize only,needs_clinician_review
nhs_stroke_fast_001,NHS Stroke Symptoms (FAST),https://www.nhs.uk/conditions/stroke/symptoms/,medical_guidance,unknown,B,false,"Use for safety_stroke_neurological_001 — FAST signs (face droop, arm weakness, speech difficulty) require emergency response even if symptoms resolve; synthesize only",needs_clinician_review
nhs_suicidal_thoughts_001,NHS Help for Suicidal Thoughts,https://www.nhs.uk/mental-health/feelings-symptoms-behaviours/behaviours/help-for-suicidal-thoughts/,crisis_guidance,unknown,B,false,"Use for safety_self_harm_suicide_001 — telling someone matters, support is immediately available; synthesize only",needs_clinician_review
nhs_psychosis_001,NHS Psychosis Overview,https://www.nhs.uk/mental-health/conditions/psychosis/overview/,mental_health_guidance,unknown,B,false,Use for safety_psychosis_mania_001 — see GP immediately and early treatment is important; synthesize only,needs_clinician_review
nhs_insomnia_001,NHS Insomnia (Health A-Z),https://www.nhs.uk/conditions/insomnia/,patient_guidance,unknown,B,false,"Use for insomnia definition (short-term <3 mo vs long-term ≥3 mo), symptom checklist, common causes, GP referral triggers, sleep hygiene do/don't list, CBT-I framing, medication caution; synthesize only",needs_review
cntw_sleep_001,CNTW NHS Sleeping Problems Self-Help Guide,https://selfhelp.cntw.nhs.uk/self-help-guides/sleeping-problems,self_help_guide,unknown,B,false,"Use for structural CBT-I framing: sleep types, sleep patterns, causes, sleep problem categorization, overcoming techniques, good sleep habits; synthesize only",needs_review
oxford_sleep_001,Oxford Health NHS Sleep/Insomnia Workbook,https://www.oxfordhealth.nhs.uk/wp-content/uploads/2019/07/Sleep-well-2019.pdf,self_help_pdf,unknown,B,false,"Use for CBT-I techniques (stimulus control, sleep restriction, cognitive restructuring around sleep), sleep diary framing, relaxation techniques; synthesize only",needs_review
nice_cg113_001,NICE CG113 Generalised anxiety disorder and panic disorder in adults,https://www.nice.org.uk/guidance/cg113,clinical_guideline,unknown,B,false,Reference: NICE stepped-care model for GAD + panic. Anchor for treatment framing; synthesize only,needs_review
nice_cg90_001,NICE CG90 Depression in adults recognition and management,https://www.nice.org.uk/guidance/cg90,clinical_guideline,unknown,B,false,Reference: NICE stepped-care model for depression. Anchor for behavioural activation + CBT framing; synthesize only,needs_review
nice_cg159_001,NICE CG159 Social anxiety disorder recognition assessment and treatment,https://www.nice.org.uk/guidance/cg159,clinical_guideline,unknown,B,false,Reference: NICE social anxiety framing; synthesize only,needs_review
who_mhgap_001,WHO mhGAP Intervention Guide v2.0,https://www.who.int/publications/i/item/9789241549790,clinical_guideline,cc,B,false,WHO mental health Gap Action Programme — international non-specialist care guideline covering depression psychosis suicide/self-harm epilepsy child/adolescent disorders substance use; anchor for global framing; synthesize only,needs_review
rcpsych_anxiety_001,Royal College of Psychiatrists Anxiety patient info,https://www.rcpsych.ac.uk/mental-health/mental-illnesses-and-mental-health-problems/anxiety-panic-and-phobias,patient_guidance,unknown,B,false,"Use for adult patient-friendly anxiety framing, self-help techniques, when to seek help; synthesize only",needs_review
rcpsych_depression_001,Royal College of Psychiatrists Depression patient info,https://www.rcpsych.ac.uk/mental-health/mental-illnesses-and-mental-health-problems/depression-in-adults,patient_guidance,unknown,B,false,"Use for adult depression framing, treatment options overview, when to seek help; synthesize only",needs_review
rcpsych_sleep_001,Royal College of Psychiatrists Sleeping Well patient info,https://www.rcpsych.ac.uk/mental-health/mental-illnesses-and-mental-health-problems/sleeping-well,patient_guidance,unknown,B,false,Use for adult sleep-well framing patient-friendly language; synthesize only,needs_review
cochrane_cbt_depression_001,Cochrane Review — Cognitive behavioural therapies vs other psychological therapies for depression,https://www.cochranelibrary.com/cdsr/doi/10.1002/14651858.CD008704.pub2/full,systematic_review,cc,B,false,Reference: peer-reviewed meta-analysis of CBT efficacy in depression. Evidence backing behavioural activation and cognitive restructuring; synthesize only,needs_review
cochrane_cbt_i_001,Cochrane Review — Cognitive behavioural therapy for insomnia,https://www.cochranelibrary.com/cdsr/doi/10.1002/14651858.CD010753/full,systematic_review,cc,B,false,Reference: peer-reviewed meta-analysis of CBT-I efficacy. Evidence backing sleep restriction stimulus control cognitive restructuring; synthesize only,needs_review
tpd_ruh_sagligi_001,Türk Psikiyatri Derneği kaynakları,https://psikiyatri.org.tr/,professional_association,unknown,B,false,Reference: Türkiye'nin ulusal psikiyatri derneğinin uzman görüşleri ve halka açık kaynakları — Türkiye-özgü kültürel/dilbilimsel adaptasyon için; synthesize only,needs_review
cci_health_anxiety_001,CCI Perth — Helping Health Anxiety Workbook,https://www.cci.health.wa.gov.au/Resources/Looking-After-Yourself/Health-Anxiety,self_help_workbook,wa_gov_health_public,B,false,9-module CBT-based health anxiety workbook by clinical psychologists; structure verified: Understanding / Development / Maintenance / Attention training / Cognitive restructuring / Reducing checking + reassurance / Avoidance-safety behaviours / Rules & assumptions / Healthy living. Synthesize only.,needs_review
cci_panic_001,CCI Perth — Panic Stations! Coping with Panic Workbook,https://www.cci.health.wa.gov.au/Resources/Looking-After-Yourself/Panic,self_help_workbook,wa_gov_health_public,B,false,"CBT panic workbook — panic cycle, catastrophic misinterpretation, interoceptive exposure, breathing retraining. Confirms Clark 1986 cognitive model of panic.",needs_review
cci_worry_001,CCI Perth — What? Me Worry!? Worry & Rumination Workbook,https://www.cci.health.wa.gov.au/Resources/Looking-After-Yourself/Worry-and-Rumination,self_help_workbook,wa_gov_health_public,B,false,"Excellent GAD-focused workbook: worry beliefs (metacognitive), problem-solving vs hypothetical worry, worry postponement, intolerance of uncertainty. Directly maps to GAD module.",needs_review
cci_self_esteem_001,CCI Perth — Improving Self-Esteem Workbook,https://www.cci.health.wa.gov.au/Resources/Looking-After-Yourself/Self-Esteem,self_help_workbook,wa_gov_health_public,B,false,"Fennell-based LSE workbook: negative core beliefs, biased thinking, negative predictions, adjustment of rules and assumptions.",needs_review
cci_perfectionism_001,CCI Perth — Perfectionism in Perspective Workbook,https://www.cci.health.wa.gov.au/Resources/Looking-After-Yourself/Perfectionism,self_help_workbook,wa_gov_health_public,B,false,Perfectionism cycle — self-worth contingent on achievement. LSE + GAD adjacency; cross-references self-critical thinking patterns.,needs_review
cci_procrastination_001,CCI Perth — Put Off Procrastinating Workbook,https://www.cci.health.wa.gov.au/Resources/Looking-After-Yourself/Procrastination,self_help_workbook,wa_gov_health_public,B,false,Procrastination as avoidance behaviour; depression + LSE adjacency (behavioural activation angle).,needs_review
cci_self_compassion_001,CCI Perth — Building Self-Compassion Workbook,https://www.cci.health.wa.gov.au/Resources/Looking-After-Yourself/Self-Compassion,self_help_workbook,wa_gov_health_public,B,false,Kristin Neff self-compassion framework applied via CBT lens. LSE + depression module utility.,needs_review
cci_depression_001,CCI Perth — Back from the Bluez: Coping with Depression,https://www.cci.health.wa.gov.au/Resources/Looking-After-Yourself/Depression,self_help_workbook,wa_gov_health_public,B,false,"8-module CBT depression workbook — behavioural activation, cognitive restructuring, core belief work, relapse prevention. Complements NHS depression + Oxford OH197.20.",needs_review
cci_sleep_001,CCI Perth — Sleep Information Sheets and Workbook,https://www.cci.health.wa.gov.au/Resources/Looking-After-Yourself/Sleep,self_help_workbook,wa_gov_health_public,B,false,"CBT-I materials: sleep hygiene, stimulus control, sleep restriction, cognitive component. Confirms insomnia module framing.",needs_review
cochrane_cbt_gad_001,"Cochrane — Psychological therapies for generalised anxiety disorder (Hunot et al., updated)",https://www.cochranelibrary.com/cdsr/doi/10.1002/14651858.CD001848.pub4/full,systematic_review,cochrane_reference,B,false,Meta-analytic anchor for GAD module claiming CBT is first-line psychological treatment; effect sizes moderate-to-large. Citation reference only.,needs_review
cochrane_cbt_panic_001,Cochrane — Psychological therapies for panic disorder with or without agoraphobia,https://www.cochranelibrary.com/cdsr/doi/10.1002/14651858.CD011003.pub2/full,systematic_review,cochrane_reference,B,false,Meta-analytic anchor for panic module: CBT (especially with exposure) is first-line. Citation reference only.,needs_review
cochrane_cbt_health_anxiety_001,Cochrane — Cognitive and behavioural therapies for hypochondriasis (health anxiety),https://www.cochranelibrary.com/cdsr/doi/10.1002/14651858.CD011675.pub2/full,systematic_review,cochrane_reference,B,false,Cooper et al. 2017 meta-analysis — CBT-based interventions reduce health anxiety symptoms. Reference anchor for health-anxiety module.,needs_review
apa_depression_guideline_2019_001,APA Clinical Practice Guideline for the Treatment of Depression,https://www.apa.org/depression-guideline,clinical_guideline,apa_reference,B,false,"APA 2019 depression treatment guideline — CBT, IPT, behavioural activation all supported for adults. Bot-protected page; reference by known content.",needs_review
apa_ptsd_guideline_001,APA Clinical Practice Guideline for the Treatment of PTSD,https://www.apa.org/ptsd-guideline,clinical_guideline,apa_reference,B,false,Scope-boundary reference: PTSD is out of scope for our chatbot; guideline used to justify explicit deferral to professional care in safety cards.,needs_review
nice_cg31_ocd_001,NICE Clinical Guideline CG31 — Obsessive-compulsive disorder and body dysmorphic disorder,https://www.nice.org.uk/guidance/cg31,clinical_guideline,nice_reference,B,false,OCD is out of scope for chatbot self-help without ERP supervision; guideline cited for boundary safety card.,needs_review
nice_ng116_ptsd_001,NICE Guideline NG116 — Post-traumatic stress disorder,https://www.nice.org.uk/guidance/ng116,clinical_guideline,nice_reference,B,false,PTSD scope boundary. Trauma-focused CBT / EMDR require trained clinician; chatbot cannot substitute.,needs_review
rcpsych_cbt_intro_001,Royal College of Psychiatrists — What is CBT?,https://www.rcpsych.ac.uk/mental-health/treatments-and-wellbeing/cognitive-behavioural-therapy-(cbt),patient_guidance,unknown,B,false,Consumer-facing 'what is CBT' explainer — used as anchor for our own psychoeducation card framing across all modules.,needs_review
kbtdernegi_001,Türkiye Bilişsel ve Davranışçı Psikoterapiler Derneği (KBTDerneği),https://www.kbtdernegi.org.tr/,professional_society,unknown,B,false,TR bilişsel-davranışçı psikoterapi mesleki derneği; klinisyen bulma / eğitim listesi için TR-özel referans.,needs_review
saglik_bakanligi_ruh_sagligi_001,T.C. Sağlık Bakanlığı — Ruh Sağlığı Hizmetleri,https://halksagligi.saglik.gov.tr/,government_resource,public_domain_gov,B,false,"TR devlet ruh sağlığı hizmet yapısı — aile hekimliği, TSM ruh sağlığı birimleri, CSM, MHRS randevu 182. Kullanıcıya yönlendirme referansı.",needs_review
istanbul_tabip_odasi_ruh_sagligi_001,İstanbul Tabip Odası — Ruh Sağlığı Ağı Broşürleri,https://www.istabip.org.tr/,professional_society,unknown,B,false,"TR yerelinde hekim odası broşürleri — kaygı, depresyon, uyku, damgalama. Klinik yönlendirme dilinde TR aksanı için yararlı.",needs_review
clark_1986_panic_001,"Clark DM. A cognitive approach to panic. Behaviour Research and Therapy, 24(4), 461-470",https://doi.org/10.1016/0005-7967(86)90011-2,seminal_paper,citation_reference,B,false,David Clark's foundational cognitive model of panic disorder — catastrophic misinterpretation of bodily sensations. Model referenced in panic cards.,needs_review
wells_1995_gad_001,"Wells A. Meta-cognition and worry: A cognitive model of generalized anxiety disorder. Behavioural and Cognitive Psychotherapy, 23(3), 301-320",https://doi.org/10.1017/S1352465800015897,seminal_paper,citation_reference,B,false,Adrian Wells metacognitive model of GAD — Type 1 worry (about world) + Type 2 worry (about worry). Reference for GAD psychoeducation card.,needs_review
fennell_1997_lse_001,"Fennell MJV. Low self-esteem: A cognitive perspective. Behavioural and Cognitive Psychotherapy, 25(1), 1-25",https://doi.org/10.1017/S1352465800018129,seminal_paper,citation_reference,B,false,"Melanie Fennell's cognitive model of low self-esteem — bottom rules, negative predictions, self-critical thinking. Foundation of Oxford OH198.20 self-esteem workbook and CCI self-esteem workbook.",needs_review
beck_1979_cbt_depression_001,"Beck AT, Rush AJ, Shaw BF, Emery G. Cognitive Therapy of Depression. Guilford Press",https://www.guilford.com/books/Cognitive-Therapy-of-Depression/Beck-Rush-Shaw-Emery/9780898629194,seminal_book,citation_reference,B,false,"Aaron Beck's foundational CBT for depression manual (1979) — cognitive triad, thought record, behavioural activation. Historical anchor.",needs_review
harvey_2002_insomnia_cog_model_001,"Harvey AG. A cognitive model of insomnia. Behaviour Research and Therapy, 40(8), 869-893",https://doi.org/10.1016/S0005-7967(01)00061-4,seminal_paper,citation_reference,B,false,"Allison Harvey's cognitive model of insomnia — worry about sleep, selective attention, safety behaviours, misperception of sleep. Foundation of CBT-I cognitive component.",needs_review
nhs_stress_001,NHS — Get Help with Stress,https://www.nhs.uk/mental-health/feelings-symptoms-behaviours/feelings-and-symptoms/stress/,patient_guidance,nhs_crown,B,false,NHS anchor for stress symptomatology (physical/mental/behavioural). Includes cause categorization + do/don't lists. Reviewed 2026-03; next review 2029-03.,needs_review
who_burnout_icd11_001,WHO — Burn-out an occupational phenomenon (ICD-11),https://www.who.int/news/item/28-05-2019-burn-out-an-occupational-phenomenon-international-classification-of-diseases,clinical_taxonomy,who_reference,B,false,WHO ICD-11 burn-out definition: three-dimensional model (exhaustion + cynicism + reduced professional efficacy). Explicitly NOT a medical condition. Anchors work_stress module framing.,needs_review
who_mental_health_workplace_2024_001,WHO — Mental Health at Work Fact Sheet (September 2024),https://www.who.int/news-room/fact-sheets/detail/mental-health-at-work,policy_document,who_reference,B,false,"WHO 2024 policy anchor for workplace mental health interventions: manager training, organizational risk assessment, decent work.",needs_review
hse_stress_uk_001,UK Health & Safety Executive — Work-related Stress Guidance,https://www.hse.gov.uk/stress/what-to-do.htm,regulatory_guidance,hse_uk_reference,B,false,"HSE Management Standards approach: 6 workplace risk factors — demands, control, support, relationships, role, change. Structural reference; TR IS Kanunu ile eşleştirilir.",needs_review
maslach_burnout_inventory_001,"Maslach C, Jackson SE. The measurement of experienced burnout. Journal of Occupational Behavior 1981;2:99-113",https://doi.org/10.1002/job.4030020205,seminal_paper,citation_reference,B,false,Original Maslach Burnout Inventory (MBI) paper — theoretical foundation for WHO ICD-11 three-dimensional model. Citation-only reference.,needs_review
leiter_maslach_2016_burnout_review_001,"Maslach C, Leiter MP. Understanding the burnout experience: recent research and its implications for psychiatry. World Psychiatry 2016;15(2):103-11",https://doi.org/10.1002/wps.20311,seminal_paper,citation_reference,B,false,"Maslach & Leiter 2016 World Psychiatry review — differentiates burnout from depression, discusses areas of worklife model (workload, control, reward, community, fairness, values). Anchor for work_stress cognitive framework.",needs_review
csgb_iskanun_mobbing_001,T.C. Çalışma ve Sosyal Güvenlik Bakanlığı — İşyerinde Psikolojik Taciz (Mobbing) Rehberi,https://www.csgb.gov.tr/,government_resource,public_domain_gov,B,false,TR ÇSGB mobbing rehberi + İş Kanunu Madde 5 (ayrımcılık) ve 24/II-d (haklı fesih). TR yerelinde mobbing/psikolojik taciz için hukuki + kurumsal başvuru zemini.,needs_review
alo_170_calisma_001,ALO 170 — T.C. Çalışma ve Sosyal Güvenlik İletişim Merkezi,https://alo170.csgb.gov.tr/,government_resource,public_domain_gov,B,false,TR resmi işçi hakları / mobbing / iş güvenliği bilgi hattı. 7 gün 24 saat. Kriz hattı DEĞİL — bilgilendirme hattı. Kartlarda safety hattı olarak kullanma; sadece iş hukuku danışma referansı.,needs_review
harvard_worklife_balance_001,"Harvard T.H. Chan School of Public Health — Work, Health & Well-being",https://www.hsph.harvard.edu/centers-for-work-health-and-wellbeing/,academic_center,citation_reference,B,false,Harvard T.H. Chan Work Health Wellbeing merkezi araştırma anchor — total worker health çerçevesi.,needs_review
apa_workplace_mental_health_001,APA Center for Workplace Mental Health,https://www.workplacementalhealth.org/,professional_association,apa_reference,B,false,American Psychiatric Association Workplace Mental Health center — evidence-informed employer resources. Reference anchor.,needs_review
gottman_four_horsemen_001,"The Gottman Institute — The Four Horsemen: Criticism, Contempt, Defensiveness, Stonewalling",https://www.gottman.com/blog/the-four-horsemen-recognizing-criticism-contempt-defensiveness-and-stonewalling/,research_center_publication,gottman_reference,B,false,40+ years longitudinal research anchor for couple communication patterns predicting dissolution. Verified verbatim examples of each Horseman + antidotes. Structure confirmed.,needs_review
gottman_sound_relationship_house_001,The Gottman Institute — Sound Relationship House Theory,https://www.gottman.com/about/the-gottman-method/,research_center_publication,gottman_reference,B,false,"Gottman Method's foundational model: love maps, fondness/admiration, turning towards, positive perspective, conflict management, shared meaning. Framework for rel_communication + rel_repair cards.",needs_review
gottman_domestic_violence_resources_001,The Gottman Institute — Domestic Violence Resources,https://www.gottman.com/domestic-violence-resources/,safety_referral,gottman_reference,B,false,Gottman's OWN separation of IPV from couples-therapy. Anchor for our safety framing: 'communication skills' are contraindicated in IPV. This citation strengthens the boundary card.,needs_review
hazan_shaver_1987_attachment_001,"Hazan C, Shaver P. Romantic love conceptualized as an attachment process. Journal of Personality and Social Psychology 1987;52(3):511-524",https://doi.org/10.1037/0022-3514.52.3.511,seminal_paper,citation_reference,B,false,Foundational paper extending Bowlby-Ainsworth infant attachment theory to adult romantic relationships. Basis for secure/anxious/avoidant framework in rel_attachment_004 card.,needs_review
sue_johnson_eft_reference_001,"Johnson SM. Hold Me Tight: Seven Conversations for a Lifetime of Love. Little, Brown Spark",https://www.iceeft.com/,seminal_book,citation_reference,B,false,Sue Johnson's Emotionally Focused Therapy (EFT) for couples — attachment-based approach. Reference anchor; ICEEFT (International Centre) is professional home.,needs_review
nhs_relationships_wellbeing_001,NHS — Relationships and Wellbeing,https://www.nhs.uk/mental-health/self-help/tips-and-support/looking-after-your-relationships/,patient_guidance,nhs_crown,B,false,"NHS structural anchor for relationship wellbeing tips: talking, listening, quality time. General framing reference.",needs_review
nhs_grief_bereavement_001,NHS — Grief after bereavement or loss,https://www.nhs.uk/mental-health/feelings-symptoms-behaviours/feelings-and-symptoms/grief-bereavement-loss/,patient_guidance,nhs_crown,B,false,"NHS grief page — used analogously for breakup grief in rel_breakup_008. Direct claim of grief framing to relationship loss is well-established in psychology literature (Bowlby, Parkes).",needs_review
who_ipv_2021_001,WHO — Violence against women 2021 estimates,https://www.who.int/publications/i/item/9789240022256,policy_document,who_reference,B,false,WHO 2021 report: ~1 in 3 women globally has experienced IPV or non-partner sexual violence. Statistical anchor for prevalence framing in rel_safetynet_010.,needs_review
kades_app_001,KADES — Kadın Destek Uygulaması (T.C. İçişleri Bakanlığı),https://www.icisleri.gov.tr/,government_resource,public_domain_gov,B,false,TR resmi kadına şiddet ihbar mobil uygulaması; tek dokunuşla 155'e konum bilgisi + ihbar gönderir. Android + iOS. Kart 10'da doğrudan yönlendirilecek TR-özel araç.,needs_review
kanun_6284_ailenin_korunmasi_001,6284 sayılı Ailenin Korunması ve Kadına Karşı Şiddetin Önlenmesine Dair Kanun,https://www.mevzuat.gov.tr/mevzuat?MevzuatNo=6284&MevzuatTur=1&MevzuatTertip=5,legal_statute,public_domain_gov,B,false,"TR 6284 sayılı Kanun — koruma ve önleyici tedbir kararları (uzaklaştırma, sağlık, barınma, mali yardım). Kadına yönelik şiddet için hukuki temel. Mor Çatı, ŞÖNİM, savcılık, aile mahkemesi tümü buna dayanır.",needs_review
mor_cati_001,Mor Çatı Kadın Sığınağı Vakfı,https://www.morcati.org.tr/,ngo_support,public,B,false,"TR bağımsız kadın sığınağı ve dayanışma merkezi. Sığınak, hukuk, psikolojik destek. 0212 292 52 31 / 32 (dayanışma hattı) — mesai saatleri içinde bilgi + yönlendirme; kriz hattı DEĞİL.",needs_review
aile_bakanligi_sonim_001,T.C. Aile ve Sosyal Hizmetler Bakanlığı — ŞÖNİM (Şiddet Önleme ve İzleme Merkezleri),https://www.aile.gov.tr/kadin/,government_resource,public_domain_gov,B,false,"TR 81 ilde ŞÖNİM — 7/24 kadına yönelik şiddet vakalarında koordinasyon (barınma, hukuki destek, psikolojik destek). 183 çağrı merkezi — Aile ve Sosyal Hizmetler Bakanlığı bilgi hattı, kadın/çocuk/yaşlı/engelli.",needs_review
nhs_grief_bereavement_002,NHS — Grief after bereavement or loss (verified 2026-06),https://www.nhs.uk/mental-health/feelings-symptoms-behaviours/feelings-and-symptoms/grief-bereavement-loss/,patient_guidance,nhs_crown,B,false,"NHS grief anchor — verified verbatim: 5 stages summary, prolonged grief disorder criteria (6+ months), do/don't lists, red flags (suicidal thoughts).",needs_review
worden_tasks_of_mourning_001,Worden JW. Grief Counseling and Grief Therapy: A Handbook for the Mental Health Practitioner (5th ed). Springer,https://www.springerpub.com/grief-counseling-and-grief-therapy-9780826134745.html,seminal_book,citation_reference,B,false,Worden's Four Tasks of Mourning: (1) accept reality of loss (2) work through pain (3) adjust to environment without deceased (4) find enduring connection while embarking on new life. Foundational alternative to Kübler-Ross stages.,needs_review
kubler_ross_1969_death_dying_001,Kübler-Ross E. On Death and Dying. Macmillan (1969),https://www.simonandschuster.com/books/On-Death-and-Dying/Elisabeth-Kubler-Ross/9781476775548,seminal_book,citation_reference,B,false,"Elisabeth Kübler-Ross original 5-stage model (denial, anger, bargaining, depression, acceptance). Cited widely; important caveat — she developed it observing DYING patients, later applied to grief; not intended as a linear/mandatory sequence.",needs_review
prigerson_2021_pgd_dsm5tr_001,"Prigerson HG, Boelen PA, Xu J, Smith KV, Maciejewski PK. Validation of the new DSM-5-TR criteria for prolonged grief disorder. World Psychiatry 2021;20(1):96-106",https://doi.org/10.1002/wps.20823,seminal_paper,citation_reference,B,false,"DSM-5-TR (2022) added Prolonged Grief Disorder as formal diagnosis: intense grief persisting 12+ months post-loss, impairment. Prigerson research anchor.",needs_review
klass_silverman_nickman_1996_continuing_bonds_001,"Klass D, Silverman PR, Nickman SL (eds). Continuing Bonds: New Understandings of Grief. Taylor & Francis",https://www.taylorfrancis.com/books/edit/10.4324/9781315800790/continuing-bonds-dennis-klass-phyllis-silverman-steven-nickman,seminal_book,citation_reference,B,false,Continuing Bonds theory — challenged the Freudian 'grief work = letting go' model. Ongoing internalized bond with deceased is healthy adaptation. Foundation for our 'anmak' cards (bond maintenance without avoidance).,needs_review
stroebe_schut_1999_dual_process_001,"Stroebe M, Schut H. The dual process model of coping with bereavement. Death Studies 1999;23(3):197-224",https://doi.org/10.1080/074811899201046,seminal_paper,citation_reference,B,false,"Dual Process Model — oscillation between Loss-oriented (yas'a odaklanma) and Restoration-oriented (yeni hayata odaklanma) coping. Anti-linear, adaptive. Anchor for daily rituals card.",needs_review
cci_perth_grief_reference_001,CCI Perth — Coping with Loss Resources,https://www.cci.health.wa.gov.au/Resources/Looking-After-Yourself,self_help_workbook,wa_gov_health_public,B,false,"CCI Perth grief-adjacent resources (self-compassion, tolerating distress workbooks) — used to reinforce non-avoidance coping.",needs_review
tpd_yas_travma_referans_001,Türk Psikologlar Derneği — Yas ve Travma Çalışma Grupları,https://www.psikolog.org.tr/,professional_association,unknown,B,false,TR bağlamında klinik psikolog yönlendirme ve yas çalışma grubu kaynağı. Türkiye Bilişsel-Davranışçı Terapi Derneği ile beraber TR referans.,needs_review
diyanet_taziye_rehberi_001,T.C. Diyanet İşleri Başkanlığı — Taziye ve Cenaze Rehberi,https://www.diyanet.gov.tr/,cultural_religious_reference,public_domain_gov,B,false,"TR bağlamında yas ritüelleri (cenaze, taziye, 3-40-52 gün mevlit) için dini-kültürel referans. Chatbot dini danışman DEĞİLDİR — sadece kültürel bağlam.",needs_review
who_bereavement_covid_001,WHO — Bereavement care for adults during and after COVID-19,https://www.who.int/publications/i/item/9789240071063,policy_document,who_reference,B,false,WHO bereavement care policy — bir yas modülü tasarımı için politika çerçevesi; kayıp sonrası bakım basamakları.,needs_review
bridges_transitions_1980_001,"Bridges W. Transitions: Making Sense of Life's Changes. Da Capo Press (1980, revised 2004)",https://www.hachettebookgroup.com/titles/william-bridges/transitions/9780738211428/,seminal_book,citation_reference,B,false,William Bridges'in üç fazlı geçiş modeli: Ending (bitiş) → Neutral Zone (belirsiz ara) → New Beginning (yeni başlangıç). En yaygın kullanılan geçiş çerçevesi.,needs_review
schlossberg_1981_transitions_001,Schlossberg NK. A Model for Analyzing Human Adaptation to Transition. The Counseling Psychologist 1981;9(2):2-18,https://doi.org/10.1177/001100008100900202,seminal_paper,citation_reference,B,false,"Nancy Schlossberg'in 4S modeli: Situation, Self, Support, Strategies. Geçişleri değerlendirme çerçevesi.",needs_review
kobasa_1979_hardiness_001,"Kobasa SC. Stressful life events, personality, and health: An inquiry into hardiness. Journal of Personality and Social Psychology 1979;37(1):1-11",https://doi.org/10.1037/0022-3514.37.1.1,seminal_paper,citation_reference,B,false,Kobasa'nın 'psychological hardiness' çalışması — commitment/control/challenge üç boyutu. Geçişlerde toparlanma kapasitesinin bilimsel temeli.,needs_review
who_healthy_ageing_transitions_001,WHO — Ageing and Life-Course: Healthy Ageing (retirement transitions),https://www.who.int/health-topics/ageing,policy_document,who_reference,B,false,WHO emeklilik ve yaşlanma geçişleri için politika çerçevesi. Kimlik + sosyal ağ + amaç kaybı adaptasyonu.,needs_review
nhs_moving_house_wellbeing_001,NHS — Cope with a move (wellbeing tips),https://www.nhs.uk/mental-health/self-help/tips-and-support/cope-with-a-move/,patient_guidance,nhs_crown,B,false,NHS taşınma stresi anchor — pratik ipuçları + duygusal boyut.,needs_review
iom_migration_mental_health_001,International Organization for Migration — Migration and Mental Health,https://www.iom.int/migration-health-programme,policy_document,citation_reference,B,false,"IOM göç ve ruh sağlığı programı — göç geçişi (adaptasyon, akültürasyon stresi, aile ayrılığı) için referans.",needs_review
aile_bakanligi_evlilik_001,T.C. Aile ve Sosyal Hizmetler Bakanlığı — Evlilik Öncesi Eğitim Programı,https://www.aile.gov.tr/,government_resource,public_domain_gov,B,false,TR resmi evlilik öncesi eğitim programı — evlilik geçişi için TR bağlamı referansı.,needs_review
erikson_1968_identity_001,Erikson EH. Identity: Youth and Crisis. W.W. Norton (1968),https://wwnorton.com/books/9780393311440,seminal_book,citation_reference,B,false,Erik Erikson'un yaşam boyu gelişim ve kimlik krizi modeli — 8 psikososyal gelişim aşaması. Geçişler için teorik temel.,needs_review
wrzesniewski_job_crafting_001,"Wrzesniewski A, Dutton JE. Crafting a Job: Revisioning Employees as Active Crafters of Their Work. Academy of Management Review 2001;26(2):179-201",https://doi.org/10.5465/amr.2001.4378011,seminal_paper,citation_reference,B,false,Job crafting kavramı — iş / kariyer geçişinde yeniden anlam kurma çerçevesi. work_stress modülünde de referans.,needs_review
prinstein_2017_developmental_transitions_001,"Prinstein MJ, Nesi J, Telzer EH. Commentary: An updated agenda for research on developmental transitions in adolescence. Journal of Adolescence 2020;79:76-83",https://doi.org/10.1016/j.adolescence.2019.12.014,citation_reference,citation_reference,B,false,"Ergen gelişimsel geçişler araştırma anchor. Üniversiteye başlama, ilk ilişki, ilk iş geçişleri için ergen adaptasyon çerçevesi.",needs_review
nhs_ptsd_001,NHS — PTSD (post-traumatic stress disorder) — verified 2026-04,https://www.nhs.uk/mental-health/conditions/ptsd-post-traumatic-stress-disorder/,patient_guidance,nhs_crown,B,false,"NHS PTSD anchor: symptomlar (yetişkin + çocuk), CPTSD ayrımı, nedenler, tedaviler (TF-CBT + EMDR + antidepresan). 'Do/Don't' listesi. Reviewed 2026-04.",needs_review
cntw_ptsd_selfhelp_001,CNTW NHS — Post-Traumatic Stress Self-Help Guide,https://selfhelp.cntw.nhs.uk/self-help-guides/post-traumatic-stress,self_help_guide,unknown,B,false,CNTW travma özel self-help — grounding + stabilization tekniklerinin yapı referansı.,needs_review
van_der_kolk_2014_body_keeps_score_001,"van der Kolk B. The Body Keeps the Score: Brain, Mind, and Body in the Healing of Trauma. Viking (2014)",https://www.penguinrandomhouse.com/books/313183/the-body-keeps-the-score-by-bessel-van-der-kolk-md/,seminal_book,citation_reference,B,false,"Bessel van der Kolk — travmanın nöroloji + beden boyutunu popülerleştiren, alanı yeniden şekillendiren kitap. Somatik farkındalık + beden hafızası + regülasyon çerçevesi.",needs_review
herman_1992_trauma_recovery_001,Herman JL. Trauma and Recovery: The Aftermath of Violence. Basic Books (1992),https://www.basicbooks.com/titles/judith-l-herman/trauma-and-recovery/9780465098736/,seminal_book,citation_reference,B,false,Judith Herman — Complex PTSD kavramını literatüre kazandıran seminal çalışma. 3-fazlı recovery modeli (safety / remembrance-mourning / reconnection).,needs_review
siegel_window_of_tolerance_001,Siegel DJ. The Developing Mind: How Relationships and the Brain Interact to Shape Who We Are. Guilford Press,https://www.guilford.com/books/The-Developing-Mind/Daniel-Siegel/9781462542765,seminal_book,citation_reference,B,false,Dan Siegel'in 'window of tolerance' kavramı — hiperarousal + hipoarousal arasındaki 'işleyebildiğin' bölge. Travma bu pencereyi daraltır; stabilizasyon onu genişletir.,needs_review
istss_treatment_guidelines_2018_001,International Society for Traumatic Stress Studies — Prevention and Treatment of PTSD Guidelines (2018),https://istss.org/clinical-resources/treating-trauma/new-istss-prevention-and-treatment-guidelines/,clinical_guideline,citation_reference,B,false,"ISTSS 2018 PTSD tedavi rehberi — güçlü kanıt: TF-CBT, CPT, EMDR, PE. Bu kart chatbot'un neden bu teknikleri sunamayacağını gösteren anchor.",needs_review
samhsa_trauma_informed_care_001,SAMHSA — Trauma-Informed Care Concept,https://www.samhsa.gov/resource/dbhis/samhsas-concept-trauma-and-guidance-trauma-informed-approach,policy_document,citation_reference,B,false,"SAMHSA (US) travma-informed care 6 prensibi: safety, trustworthiness, peer support, collaboration, empowerment, cultural/historical issues. Bir hizmet çerçevesi anchor'ı.",needs_review
afad_psikososyal_destek_001,T.C. AFAD — Psikososyal Destek Rehberi (Afet Sonrası),https://www.afad.gov.tr/,government_resource,public_domain_gov,B,false,TR AFAD afet psikososyal destek. 2023 Şubat Kahramanmaraş depremleri sonrası uygulanan çerçeve. TR-özel travma bağlamı anchor.,needs_review
who_stress_management_guide_001,WHO — Doing What Matters in Times of Stress: An Illustrated Guide,https://www.who.int/publications/i/item/9789240003927,self_help_guide,who_reference,B,false,"WHO 2020 stres yönetimi resimli rehberi — ACT tabanlı, düşük-eğitimli okurlara uygun. Travma sonrası stabilizasyon için erişilebilir kaynak.",needs_review
figley_1995_compassion_fatigue_001,Figley CR. Compassion Fatigue: Coping with Secondary Traumatic Stress Disorder. Brunner-Routledge (1995),https://www.routledge.com/Compassion-Fatigue-Coping-With-Secondary-Traumatic-Stress-Disorder-In-Those/Figley/p/book/9780876307595,seminal_book,citation_reference,B,false,"Charles Figley — vicarious trauma / compassion fatigue kavramları. Sağlık çalışanları, öğretmenler, gazeteciler için ikincil travma çerçevesi.",needs_review
kroenke_2001_phq9_001,"Kroenke K, Spitzer RL, Williams JBW. The PHQ-9: Validity of a brief depression severity measure. JGIM 2001;16(9):606-13",https://doi.org/10.1046/j.1525-1497.2001.016009606.x,seminal_paper,citation_reference,B,false,"PHQ-9 depression severity scale — 9 madde, klinik depresyon taraması. 5/10/15/20 eşikleri (hafif/orta/ortaağır/ağır). Reference-only; chatbot self-scoring TOOL sunmaz.",needs_review
spitzer_2006_gad7_001,"Spitzer RL, Kroenke K, Williams JBW, Löwe B. A brief measure for assessing generalized anxiety disorder: the GAD-7. Arch Intern Med 2006;166(10):1092-7",https://doi.org/10.1001/archinte.166.10.1092,seminal_paper,citation_reference,B,false,"GAD-7 generalized anxiety scale — 7 madde. 5/10/15 eşikleri. Klinik yaygın kaygı taraması. Reference-only, self-scoring TOOL değil.",needs_review
cohen_1983_pss_001,"Cohen S, Kamarck T, Mermelstein R. A global measure of perceived stress. J Health Soc Behav 1983;24(4):385-96",https://doi.org/10.2307/2136404,seminal_paper,citation_reference,B,false,Perceived Stress Scale (PSS-10 / PSS-14) — 'algılanan stres' klasik ölçüm. work_stress + life_transitions modüllerinde stres seviyesi framework anchor.,needs_review
weathers_2013_pcl5_001,"Weathers FW, Litz BT, Keane TM, Palmieri PA, Marx BP, Schnurr PP. The PTSD Checklist for DSM-5 (PCL-5). National Center for PTSD (2013)",https://www.ptsd.va.gov/professional/assessment/adult-sr/ptsd-checklist.asp,clinical_assessment,us_gov_public,B,false,"PCL-5 — DSM-5 PTSD self-report ölçek, 20 madde. VA (US) resmi klinik değerlendirme aracı. trauma_awareness modülünün klinik anchor'ı.",needs_review
bastien_2001_isi_001,"Bastien CH, Vallières A, Morin CM. Validation of the Insomnia Severity Index as an outcome measure for insomnia research. Sleep Med 2001;2(4):297-307",https://doi.org/10.1016/S1389-9457(00)00065-4,seminal_paper,citation_reference,B,false,"Insomnia Severity Index (ISI) — 7 madde, uykusuzluk şiddet ölçümü. insomnia modülü kart içeriği için klinik anchor.",needs_review
hayes_2004_act_001,"Hayes SC, Strosahl KD, Wilson KG. Acceptance and Commitment Therapy: The Process and Practice of Mindful Change (2nd ed). Guilford Press (2012)",https://contextualscience.org/act,seminal_book,citation_reference,B,false,"Steven Hayes ACT (Acceptance and Commitment Therapy) — 3rd wave CBT. 6 çekirdek süreç: cognitive defusion, acceptance, present-moment awareness, self-as-context, values, committed action. ACBS resmi anchor.",needs_review
segal_mbct_2018_001,"Segal ZV, Williams JMG, Teasdale JD. Mindfulness-Based Cognitive Therapy for Depression (2nd ed). Guilford Press (2018)",https://www.guilford.com/books/Mindfulness-Based-Cognitive-Therapy-for-Depression/Segal-Williams-Teasdale/9781462537037,seminal_book,citation_reference,B,false,Segal-Williams-Teasdale MBCT — depresyon nüksü önlemi için mindfulness + CBT hibriti. NICE'ın önerdiği kanıta dayalı yaklaşımlardan biri. depression modülünde anchor.,needs_review
kabat_zinn_1990_mbsr_001,"Kabat-Zinn J. Full Catastrophe Living: Using the Wisdom of Your Body and Mind to Face Stress, Pain, and Illness. Delacorte (1990/2013)",https://www.penguinrandomhouse.com/books/98285/full-catastrophe-living-revised-edition-by-jon-kabat-zinn/,seminal_book,citation_reference,B,false,Jon Kabat-Zinn MBSR (Mindfulness-Based Stress Reduction) — Massachusetts Üni tıp merkezinde geliştirdiği 8-haftalık program. Genel stres + kronik ağrı için kanıta dayalı. work_stress + trauma_awareness cross.,needs_review
neff_2003_self_compassion_001,Neff K. Self-compassion: An alternative conceptualization of a healthy attitude toward oneself. Self and Identity 2003;2(2):85-101,https://doi.org/10.1080/15298860309032,seminal_paper,citation_reference,B,false,"Kristin Neff — Self-Compassion Scale + 3 boyutu (self-kindness, common humanity, mindfulness). low_self_esteem + grief_loss modüllerinde anchor. CCI self-compassion workbook zaten kayıtlıydı; bu asıl teorik kaynak.",needs_review
hofmann_2012_cbt_meta_001,"Hofmann SG, Asnaani A, Vonk IJJ, Sawyer AT, Fang A. The Efficacy of Cognitive Behavioral Therapy: A Review of Meta-analyses. Cognit Ther Res 2012;36(5):427-40",https://doi.org/10.1007/s10608-012-9476-1,systematic_review,citation_reference,B,false,Hofmann et al. 2012 — CBT'nin farklı bozukluklarda etkililiğinin sistematik review of meta-analyses. Tüm modüller için 'kanıta dayalı çerçeve' temel referans.,needs_review
cuijpers_2016_cbt_depression_meta_001,"Cuijpers P, Cristea IA, Karyotaki E, Reijnders M, Huibers MJH. How effective are cognitive behavior therapies for major depression and anxiety disorders? A meta-analytic update. World Psychiatry 2016;15(3):245-58",https://doi.org/10.1002/wps.20346,systematic_review,citation_reference,B,false,Cuijpers et al. 2016 — depresyon ve kaygı bozukluklarında CBT'nin güncel meta-analitik değerlendirmesi. Kronikleşme + koruyucu etki bulguları.,needs_review
butler_2006_cbt_empirical_status_001,"Butler AC, Chapman JE, Forman EM, Beck AT. The empirical status of cognitive-behavioral therapy: A review of meta-analyses. Clin Psychol Rev 2006;26(1):17-31",https://doi.org/10.1016/j.cpr.2005.07.003,systematic_review,citation_reference,B,false,"Butler-Beck 2006 — CBT'nin ampirik statüsü. Anxietisi bozuklukları, depresyon, yeme, PTSD, çocukluk kaygısı — hepsi için etki büyüklükleri.",needs_review
hacettepe_psikiyatri_001,Hacettepe Üniversitesi Tıp Fakültesi Psikiyatri Anabilim Dalı,https://www.hacettepe.edu.tr/,academic_institution,public_reference,B,false,Ankara Hacettepe Üni Psikiyatri A.D. — TR'nin en güçlü psikiyatri araştırma-tedavi merkezlerinden. Uzman yönlendirmesi + akademik referans.,needs_review
bogazici_psikoloji_001,Boğaziçi Üniversitesi Psikoloji Bölümü,http://www.psy.boun.edu.tr/,academic_institution,public_reference,B,false,İstanbul Boğaziçi Üni Psikoloji Bölümü — TR'nin lider psikoloji araştırma merkezlerinden. Klinik uygulama + TR-özel araştırma anchor.,needs_review
istanbul_cerrahpasa_ruh_sagligi_001,İstanbul Üniversitesi Cerrahpaşa Tıp Fakültesi Ruh Sağlığı ve Hastalıkları A.D.,https://cerrahpasa.istanbul.edu.tr/,academic_institution,public_reference,B,false,İstanbul Cerrahpaşa Ruh Sağlığı A.D. — TR'nin klasik psikiyatri klinik referanslarından. Erişkin + çocuk-ergen poliklinik.,needs_review
sabri_ulker_ruh_sagligi_001,Sabri Ülker Vakfı — Ruh ve Beden Sağlığı Kaynakları,https://www.sabriulkerfoundation.org/,ngo_public_health,public_reference,B,false,TR bağlamında halka açık ruh + beden sağlığı bilgi kaynağı üreten vakıf. Beslenme + stres + uyku için TR-dostu kaynak.,needs_review
nice_ng222_depression_2022_001,NICE NG222 — Depression in adults: treatment and management (2022 update),https://www.nice.org.uk/guidance/ng222,clinical_guideline,nice_reference,B,false,"NICE NG222 (2022) — depresyon tedavi rehberi büyük güncelleme. CG90'ı büyük ölçüde değiştirir. Stepped care + kanıta dayalı psikoterapi (CBT, IPT, MBCT, kişilerarası terapi) + ilaç.",needs_review
who_icd11_2019_001,"WHO — International Classification of Diseases, 11th Revision (ICD-11)",https://icd.who.int/browse11/,clinical_taxonomy,who_reference,B,false,"WHO ICD-11 (2019, yürürlükte 2022) — uluslararası hastalık sınıflandırması. Complex PTSD, burnout, prolonged grief disorder ilk kez resmi tanı. Her modülün tanı çerçeve anchor'ı.",needs_review
iapt_manual_uk_001,NHS England — IAPT (NHS Talking Therapies) Manual,https://www.england.nhs.uk/publication/the-improving-access-to-psychological-therapies-manual/,clinical_guideline,nhs_crown,B,false,IAPT (Improving Access to Psychological Therapies) — UK'nin stepped-care CBT hizmeti modeli. Self-help → guided self-help → high-intensity CBT basamakları. Bir chatbot self-help'in yerini konumlandırmak için referans.,needs_review
iasp_pain_2020_001,IASP — Revised Definition of Pain (2020),https://www.iasp-pain.org/publications/iasp-news/iasp-announces-revised-definition-of-pain/,clinical_taxonomy,citation_reference,B,false,"International Association for the Study of Pain — ağrı tanımı (2020 güncelleme): 'gerçek ya da potansiyel doku hasarına bağlı, ya da öyle görünen hoş olmayan duyusal ve duygusal deneyim'. health_anxiety + kronik ağrı için anchor.",needs_review
clark_wells_1995_social_anxiety_001,Clark & Wells (1995) A Cognitive Model of Social Phobia,https://psycnet.apa.org/record/1995-98887-004,seminal_paper,unknown,A,false,"Sosyal kayginin standart bilissel modeli: kendine odakli dikkat, guvenlik davranislari, olay oncesi/sonrasi isleme; sentez icin",needs_review
nice_cg159_social_anxiety_001,"NICE CG159 Social Anxiety Disorder: Recognition, Assessment and Treatment",https://www.nice.org.uk/guidance/cg159,clinical_guideline,unknown,A,false,"Sosyal kaygi bozuklugunda taniyi, basamakli bakimi ve CBT onceligini tanimlar; safety_net ve psikoegitim icin",needs_review
cci_social_anxiety_001,CCI Perth — Shy No Longer: Social Anxiety Self-Help Workbook,https://www.cci.health.wa.gov.au/Resources/Looking-After-Yourself/Social-Anxiety,self_help_workbook,unknown,B,false,"Modul yapisi, guvenlik davranislari listesi, dikkat egzersizleri ve davranis deneyi formatlari; sentez icin",needs_review
nhs_social_anxiety_001,NHS Social Anxiety (Social Phobia),https://www.nhs.uk/mental-health/conditions/social-anxiety/,patient_guidance,unknown,B,false,Hasta-dostu belirti tarifi ve yardim arama cercevesi; sentez icin,needs_review
mattick_clarke_1998_spin_001,Mattick & Clarke (1998) Social Interaction Anxiety and Social Phobia Scales,https://doi.org/10.1016/S0005-7967(97)10031-6,clinical_taxonomy,unknown,A,false,Sosyal etkilesim ve performans kaygisi ayrimi; oz-degerlendirme kartinin cercevesi icin (olcek maddeleri kullanilmadi),needs_review
cochrane_cbt_social_anxiety_001,Cochrane — Psychological therapies for social anxiety disorder in adults,https://www.cochranelibrary.com/cdsr/doi/10.1002/14651858.CD012729/full,systematic_review,unknown,A,false,Sosyal kaygida bilissel terapinin etkililigine dair kanit temeli; psikoegitim kartinda,needs_review
